{"proxies":{"net.devloops.mastercard.gateway.TiMastercardGatewayModule":{"superPackageName":"org.appcelerator.kroll","methods":{"start3DSecure":{"runOnUiThread":true,"hasInvocation":false,"args":[{"converter":"org.appcelerator.kroll.KrollConverter","defaultValueProvider":"org.appcelerator.kroll.KrollConverter","name":"threeDSecure","optional":false,"sourceName":"threeDSecure","type":"org.appcelerator.kroll.KrollDict"}],"apiName":"start3DSecure","converter":"org.appcelerator.kroll.KrollConverter","defaultValueProvider":"org.appcelerator.kroll.KrollConverter","name":"__default_name__","returnType":"void"},"updateSessionWithCard":{"runOnUiThread":true,"hasInvocation":false,"args":[{"converter":"org.appcelerator.kroll.KrollConverter","defaultValueProvider":"org.appcelerator.kroll.KrollConverter","name":"cardDetails","optional":false,"sourceName":"cardDetails","type":"org.appcelerator.kroll.KrollDict"},{"converter":"org.appcelerator.kroll.KrollConverter","defaultValueProvider":"org.appcelerator.kroll.KrollConverter","name":"callback","sourceName":"callback","type":"org.appcelerator.kroll.KrollFunction"}],"apiName":"updateSessionWithCard","converter":"org.appcelerator.kroll.KrollConverter","defaultValueProvider":"org.appcelerator.kroll.KrollConverter","name":"__default_name__","returnType":"void"},"initialize":{"runOnUiThread":true,"hasInvocation":false,"args":[{"converter":"org.appcelerator.kroll.KrollConverter","defaultValueProvider":"org.appcelerator.kroll.KrollConverter","name":"config","optional":false,"sourceName":"config","type":"org.appcelerator.kroll.KrollDict"}],"apiName":"initialize","converter":"org.appcelerator.kroll.KrollConverter","defaultValueProvider":"org.appcelerator.kroll.KrollConverter","name":"__default_name__","returnType":"java.lang.String"},"updateSessionWithToken":{"runOnUiThread":true,"hasInvocation":false,"args":[{"converter":"org.appcelerator.kroll.KrollConverter","defaultValueProvider":"org.appcelerator.kroll.KrollConverter","name":"cardDetails","optional":false,"sourceName":"cardDetails","type":"org.appcelerator.kroll.KrollDict"},{"converter":"org.appcelerator.kroll.KrollConverter","defaultValueProvider":"org.appcelerator.kroll.KrollConverter","name":"callback","sourceName":"callback","type":"org.appcelerator.kroll.KrollFunction"}],"apiName":"updateSessionWithToken","converter":"org.appcelerator.kroll.KrollConverter","defaultValueProvider":"org.appcelerator.kroll.KrollConverter","name":"__default_name__","returnType":"void"}},"superProxyBindingClassName":"org.appcelerator.kroll.KrollModuleBindingGen","proxyClassName":"TiMastercardGatewayModule","proxyAttrs":{"propertyAccessors":[],"fullAPIName":"TiMastercardGateway","name":"TiMastercardGateway","proxyClassName":"net.devloops.mastercard.gateway.TiMastercardGatewayModule","isTopLevel":false,"id":"net.devloops.mastercard.gateway"},"packageName":"net.devloops.mastercard.gateway","sourceName":"net.devloops.mastercard.gateway.TiMastercardGatewayModuleBindingGen","superProxyClassName":"KrollModule","isModule":true,"genClassName":"TiMastercardGatewayModuleBindingGen"}},"modules":{"net.devloops.mastercard.gateway.TiMastercardGatewayModule":{"apiName":"TiMastercardGateway"}}}